Workbook

Sheet Instrucciones
A1: REGISTRO DE VACACIONES DEL PERSONAL
A3: CÓMO USAR ESTE LIBRO
A4: 1. Parámetros: capture el nombre de la empresa y confirme el método de cómputo de días (Calendario por defecto), los periodos acumulables y, si usa cómputo Hábiles, el descanso semanal y los feriados.
A5: 2. Empleados: dé de alta a cada trabajador (ID, nombre, fecha de ingreso, remuneración mensual). Si ya tiene días pendientes de años anteriores, anótelos en "Saldo de periodos anteriores".
A6: 3. Registro Vacaciones: por cada solicitud, elija el ID, capture fecha de inicio y fin, estatus y quién autoriza. Los días a descontar y la fecha de regreso se calculan solos.
A7: 4. Empleados se actualiza automáticamente: días que corresponden, días tomados, saldo, máximo acumulable, valor del saldo pendiente y semáforo de situación.
A8: Convención de colores: celdas amarillas con texto azul = captura; texto negro = fórmula (no modificar).
A9: Las filas 5-7 de Empleados y 5-6 de Registro son ejemplos ilustrativos: bórrelos antes de usar el libro.
A11: SUPUESTOS LEGALES (ECUADOR, CÓDIGO DEL TRABAJO)
A12: • Art. 69: 15 días de vacaciones anuales, incluidos los días no laborables. Quien supere 5 años de servicio con el mismo empleador suma 1 día por cada año excedente, hasta 15 días adicionales (máximo 30).
A13: • Art. 71: las vacaciones pueden acumularse hasta por tres periodos consecutivos (columna "Máximo acumulable"); no se compensan en dinero, salvo el saldo pendiente al terminar la relación laboral.
A14: • Las vacaciones se pagan con la remuneración habitual; en Ecuador no existe prima vacacional legal, por eso este libro no la calcula.
... A20: Este libro es una herramienta administrativa de apoyo y no sustituye la asesoría de un abogado laboralista ni la normativa vigente del Ministerio del Trabajo.

Sheet Parámetros
A1: PARÁMETROS GENERALES
A3: Empresa / razón social | B3: Mi Empresa S.A.
A4: Fecha de corte (por defecto hoy) | B4: =TODAY() -> 46321 | E4: Puede sustituirla por una fecha fija para cerrar un periodo.
A5: Días base del mes para valorar un día (USD) | B5: 30 | E5: Supuesto: el valor diario es remuneración mensual / 30 (práctica común en Ecuador); ajústelo si su política difiere.
A6: Cómputo de días de vacaciones (Calendario / Hábiles) | B6: Calendario | E6: Calendario (por defecto): cuenta todos los días corridos, incluidos fines de semana y feriados (art. 69 C.T.). Hábiles: excluye descanso y feriados.
A7: Periodos máximos acumulables (art. 71) | B7: 3 | E7: Supuesto: art. 71 C.T. permite acumular hasta tres periodos consecutivos.
A8: Descanso semanal, solo si cómputo = Hábiles (código) | B8: 1 | E8: 1 = descansa sáb. y dom. · 11 = descansa solo domingo. Otros códigos: ayuda de NETWORKDAYS.INTL.
A10: TABLA DE DÍAS DE VACACIONES POR ANTIGÜEDAD
A11: Años cumplidos (desde) | B11: Días de vacaciones | D11: Feriados (solo se usan si el cómputo es Hábiles)
A12: 0 | B12: 0 | D12: 46023
A13: 1 | B13: 15 | D13: 46069
A14: 6 | B14: 16 | D14: 46070
A15: 7 | B15: 17 | D15: 46115
A16: 8 | B16: 18 | D16: 46143
A17: 9 | B17: 19 | D17: 46166
A18: 10 | B18: 20 | D18: 46244
A19: 11 | B19: 21 | D19: 46304
A20: 12 | B20: 22 | D20: 46328
A21: 13 | B21: 23 | D21: 46329
A22: 14 | B22: 24 | D22: 46381
A23: 15 | B23: 25 | D23: 46388
... A28: 20 | B28: 30 | D28: 46531
A29: Fuente: Art. 69 Código del Trabajo (Ecuador): 15 días al año; desde el 6.º año de servicio, +1 día por cada año excedente, máximo 15 adicionales (30 en total, desde los 20 años). Valide contra su contrato o políticas internas. | D29: 46609
D30: 46669
D31: 46693
D32: 46694
D33: 46746
D43: Fechas referenciales de feriados nacionales (sin traslados); confirme con los decretos del Ministerio del Trabajo.

Sheet Empleados
A1: CONTROL DE VACACIONES POR EMPLEADO
A2: ="Empresa: "&Parámetros!B3&" · Fecha de corte: "&TEXT(Parámetros!B4,"dd/mm/yyyy") -> Empresa: Mi Empresa S.A. · Fecha de corte: 26/10/2026
A4: ID | B4: Nombre completo | C4: Puesto | D4: Área / Depto. | E4: Fecha de ingreso | F4: Remuneración mensual (USD) | G4: Años cumplidos | H4: Inicio periodo vigente (último aniversario) | I4: Próximo aniversario | J4: Días que corresponden en el periodo | K4: Saldo de periodos anteriores | L4: Días tomados en el periodo | M4: Saldo disponible | N4: Máximo acumulable (días, art. 71) | O4: Valor del saldo pendiente (USD) | P4: Situación
A5: E-001 | B5: María Fernanda López Ruiz | C5: Gerente de Ventas | D5: Comercial | E5: 43528 | F5: 1800 | G5: =IF(E5="","",DATEDIF(E5,Parámetros!$B$4,"y")) -> 7 | H5: =IF(G5="","",EDATE(E5,12*G5)) -> 46085 | I5: =IF(G5="","",EDATE(E5,12*(G5+1))) -> 46450 | J5: =IF(G5="","",LOOKUP(G5,Parámetros!$A$12:$A$28,Parámetros!$B$12:$B$28)) -> 17 | K5: 3 | L5: =IF(A5="","",SUMIFS('Registro Vacaciones'!$E$5:$E$504,'Registro Vacaciones'!$A$5:$A$504,A5,'Registro Vacaciones'!$C$5:$C$504,">="&H5,'Registro Vacaciones'!$C$5:$C$504,"<"&I5,'Registro Vacaciones'!$G$5:$G$504,"<>Cancelada")) -> 15 | M5: =IF(G5="","",N(K5)+J5-L5) -> 5 | N5: =IF(G5="","",Parámetros!$B$7*J5) -> 51 | O5: =IF(G5="","",IF(M5>0,M5*N(F5)/Parámetros!$B$5,0)) -> 300 | P5: =IF(G5="","",IF(G5<1,"Sin derecho aún",IF(M5<0,"Excede saldo",IF(M5=0,"Sin saldo",IF(M5>N5,"Excede acumulación","Con saldo"))))) -> Con saldo
A6: E-002 | B6: Carlos Alberto Pérez Soto | C6: Analista Contable | D6: Finanzas | E6: 44635 | F6: 900 | G6: =IF(E6="","",DATEDIF(E6,Parámetros!$B$4,"y")) -> 4 | H6: =IF(G6="","",EDATE(E6,12*G6)) -> 46096 | I6: =IF(G6="","",EDATE(E6,12*(G6+1))) -> 46461 | J6: =IF(G6="","",LOOKUP(G6,Parámetros!$A$12:$A$28,Parámetros!$B$12:$B$28)) -> 15 | K6: 0 | L6: =IF(A6="","",SUMIFS('Registro Vacaciones'!$E$5:$E$504,'Registro Vacaciones'!$A$5:$A$504,A6,'Registro Vacaciones'!$C$5:$C$504,">="&H6,'Registro Vacaciones'!$C$5:$C$504,"<"&I6,'Registro Vacaciones'!$G$5:$G$504,"<>Cancelada")) -> 7 | M6: =IF(G6="","",N(K6)+J6-L6) -> 8 | N6: =IF(G6="","",Parámetros!$B$7*J6) -> 45 | O6: =IF(G6="","",IF(M6>0,M6*N(F6)/Parámetros!$B$5,0)) -> 240 | P6: =IF(G6="","",IF(G6<1,"Sin derecho aún",IF(M6<0,"Excede saldo",IF(M6=0,"Sin saldo",IF(M6>N6,"Excede acumulación","Con saldo"))))) -> Con saldo
A7: E-003 | B7: Ana Sofía Ramírez Cruz | C7: Auxiliar Administrativo | D7: Administración | E7: 45870 | F7: 600 | G7: =IF(E7="","",DATEDIF(E7,Parámetros!$B$4,"y")) -> 1 | H7: =IF(G7="","",EDATE(E7,12*G7)) -> 46235 | I7: =IF(G7="","",EDATE(E7,12*(G7+1))) -> 46600 | J7: =IF(G7="","",LOOKUP(G7,Parámetros!$A$12:$A$28,Parámetros!$B$12:$B$28)) -> 15 | K7: 0 | L7: =IF(A7="","",SUMIFS('Registro Vacaciones'!$E$5:$E$504,'Registro Vacaciones'!$A$5:$A$504,A7,'Registro Vacaciones'!$C$5:$C$504,">="&H7,'Registro Vacaciones'!$C$5:$C$504,"<"&I7,'Registro Vacaciones'!$G$5:$G$504,"<>Cancelada")) -> 0 | M7: =IF(G7="","",N(K7)+J7-L7) -> 15 | N7: =IF(G7="","",Parámetros!$B$7*J7) -> 45 | O7: =IF(G7="","",IF(M7>0,M7*N(F7)/Parámetros!$B$5,0)) -> 300 | P7: =IF(G7="","",IF(G7<1,"Sin derecho aún",IF(M7<0,"Excede saldo",IF(M7=0,"Sin saldo",IF(M7>N7,"Excede acumulación","Con saldo"))))) -> Con saldo
G8: =IF(E8="","",DATEDIF(E8,Parámetros!$B$4,"y")) | H8: =IF(G8="","",EDATE(E8,12*G8)) | I8: =IF(G8="","",EDATE(E8,12*(G8+1))) | J8: =IF(G8="","",LOOKUP(G8,Parámetros!$A$12:$A$28,Parámetros!$B$12:$B$28)) | L8: =IF(A8="","",SUMIFS('Registro Vacaciones'!$E$5:$E$504,'Registro Vacaciones'!$A$5:$A$504,A8,'Registro Vacaciones'!$C$5:$C$504,">="&H8,'Registro Vacaciones'!$C$5:$C$504,"<"&I8,'Registro Vacaciones'!$G$5:$G$504,"<>Cancelada")) | M8: =IF(G8="","",N(K8)+J8-L8) | N8: =IF(G8="","",Parámetros!$B$7*J8) | O8: =IF(G8="","",IF(M8>0,M8*N(F8)/Parámetros!$B$5,0)) | P8: =IF(G8="","",IF(G8<1,"Sin derecho aún",IF(M8<0,"Excede saldo",IF(M8=0,"Sin saldo",IF(M8>N8,"Excede acumulación","Con saldo")))))
G9: =IF(E9="","",DATEDIF(E9,Parámetros!$B$4,"y")) | H9: =IF(G9="","",EDATE(E9,12*G9)) | I9: =IF(G9="","",EDATE(E9,12*(G9+1))) | J9: =IF(G9="","",LOOKUP(G9,Parámetros!$A$12:$A$28,Parámetros!$B$12:$B$28)) | L9: =IF(A9="","",SUMIFS('Registro Vacaciones'!$E$5:$E$504,'Registro Vacaciones'!$A$5:$A$504,A9,'Registro Vacaciones'!$C$5:$C$504,">="&H9,'Registro Vacaciones'!$C$5:$C$504,"<"&I9,'Registro Vacaciones'!$G$5:$G$504,"<>Cancelada")) | M9: =IF(G9="","",N(K9)+J9-L9) | N9: =IF(G9="","",Parámetros!$B$7*J9) | O9: =IF(G9="","",IF(M9>0,M9*N(F9)/Parámetros!$B$5,0)) | P9: =IF(G9="","",IF(G9<1,"Sin derecho aún",IF(M9<0,"Excede saldo",IF(M9=0,"Sin saldo",IF(M9>N9,"Excede acumulación","Con saldo")))))
G10: =IF(E10="","",DATEDIF(E10,Parámetros!$B$4,"y")) | H10: =IF(G10="","",EDATE(E10,12*G10)) | I10: =IF(G10="","",EDATE(E10,12*(G10+1))) | J10: =IF(G10="","",LOOKUP(G10,Parámetros!$A$12:$A$28,Parámetros!$B$12:$B$28)) | L10: =IF(A10="","",SUMIFS('Registro Vacaciones'!$E$5:$E$504,'Registro Vacaciones'!$A$5:$A$504,A10,'Registro Vacaciones'!$C$5:$C$504,">="&H10,'Registro Vacaciones'!$C$5:$C$504,"<"&I10,'Registro Vacaciones'!$G$5:$G$504,"<>Cancelada")) | M10: =IF(G10="","",N(K10)+J10-L10) | N10: =IF(G10="","",Parámetros!$B$7*J10) | O10: =IF(G10="","",IF(M10>0,M10*N(F10)/Parámetros!$B$5,0)) | P10: =IF(G10="","",IF(G10<1,"Sin derecho aún",IF(M10<0,"Excede saldo",IF(M10=0,"Sin saldo",IF(M10>N10,"Excede acumulación","Con saldo")))))
G11: =IF(E11="","",DATEDIF(E11,Parámetros!$B$4,"y")) | H11: =IF(G11="","",EDATE(E11,12*G11)) | I11: =IF(G11="","",EDATE(E11,12*(G11+1))) | J11: =IF(G11="","",LOOKUP(G11,Parámetros!$A$12:$A$28,Parámetros!$B$12:$B$28)) | L11: =IF(A11="","",SUMIFS('Registro Vacaciones'!$E$5:$E$504,'Registro Vacaciones'!$A$5:$A$504,A11,'Registro Vacaciones'!$C$5:$C$504,">="&H11,'Registro Vacaciones'!$C$5:$C$504,"<"&I11,'Registro Vacaciones'!$G$5:$G$504,"<>Cancelada")) | M11: =IF(G11="","",N(K11)+J11-L11) | N11: =IF(G11="","",Parámetros!$B$7*J11) | O11: =IF(G11="","",IF(M11>0,M11*N(F11)/Parámetros!$B$5,0)) | P11: =IF(G11="","",IF(G11<1,"Sin derecho aún",IF(M11<0,"Excede saldo",IF(M11=0,"Sin saldo",IF(M11>N11,"Excede acumulación","Con saldo")))))
G12: =IF(E12="","",DATEDIF(E12,Parámetros!$B$4,"y")) | H12: =IF(G12="","",EDATE(E12,12*G12)) | I12: =IF(G12="","",EDATE(E12,12*(G12+1))) | J12: =IF(G12="","",LOOKUP(G12,Parámetros!$A$12:$A$28,Parámetros!$B$12:$B$28)) | L12: =IF(A12="","",SUMIFS('Registro Vacaciones'!$E$5:$E$504,'Registro Vacaciones'!$A$5:$A$504,A12,'Registro Vacaciones'!$C$5:$C$504,">="&H12,'Registro Vacaciones'!$C$5:$C$504,"<"&I12,'Registro Vacaciones'!$G$5:$G$504,"<>Cancelada")) | M12: =IF(G12="","",N(K12)+J12-L12) | N12: =IF(G12="","",Parámetros!$B$7*J12) | O12: =IF(G12="","",IF(M12>0,M12*N(F12)/Parámetros!$B$5,0)) | P12: =IF(G12="","",IF(G12<1,"Sin derecho aún",IF(M12<0,"Excede saldo",IF(M12=0,"Sin saldo",IF(M12>N12,"Excede acumulación","Con saldo")))))
G13: =IF(E13="","",DATEDIF(E13,Parámetros!$B$4,"y")) | H13: =IF(G13="","",EDATE(E13,12*G13)) | I13: =IF(G13="","",EDATE(E13,12*(G13+1))) | J13: =IF(G13="","",LOOKUP(G13,Parámetros!$A$12:$A$28,Parámetros!$B$12:$B$28)) | L13: =IF(A13="","",SUMIFS('Registro Vacaciones'!$E$5:$E$504,'Registro Vacaciones'!$A$5:$A$504,A13,'Registro Vacaciones'!$C$5:$C$504,">="&H13,'Registro Vacaciones'!$C$5:$C$504,"<"&I13,'Registro Vacaciones'!$G$5:$G$504,"<>Cancelada")) | M13: =IF(G13="","",N(K13)+J13-L13) | N13: =IF(G13="","",Parámetros!$B$7*J13) | O13: =IF(G13="","",IF(M13>0,M13*N(F13)/Parámetros!$B$5,0)) | P13: =IF(G13="","",IF(G13<1,"Sin derecho aún",IF(M13<0,"Excede saldo",IF(M13=0,"Sin saldo",IF(M13>N13,"Excede acumulación","Con saldo")))))
G14: =IF(E14="","",DATEDIF(E14,Parámetros!$B$4,"y")) | H14: =IF(G14="","",EDATE(E14,12*G14)) | I14: =IF(G14="","",EDATE(E14,12*(G14+1))) | J14: =IF(G14="","",LOOKUP(G14,Parámetros!$A$12:$A$28,Parámetros!$B$12:$B$28)) | L14: =IF(A14="","",SUMIFS('Registro Vacaciones'!$E$5:$E$504,'Registro Vacaciones'!$A$5:$A$504,A14,'Registro Vacaciones'!$C$5:$C$504,">="&H14,'Registro Vacaciones'!$C$5:$C$504,"<"&I14,'Registro Vacaciones'!$G$5:$G$504,"<>Cancelada")) | M14: =IF(G14="","",N(K14)+J14-L14) | N14: =IF(G14="","",Parámetros!$B$7*J14) | O14: =IF(G14="","",IF(M14>0,M14*N(F14)/Parámetros!$B$5,0)) | P14: =IF(G14="","",IF(G14<1,"Sin derecho aún",IF(M14<0,"Excede saldo",IF(M14=0,"Sin saldo",IF(M14>N14,"Excede acumulación","Con saldo")))))
G15: =IF(E15="","",DATEDIF(E15,Parámetros!$B$4,"y")) | H15: =IF(G15="","",EDATE(E15,12*G15)) | I15: =IF(G15="","",EDATE(E15,12*(G15+1))) | J15: =IF(G15="","",LOOKUP(G15,Parámetros!$A$12:$A$28,Parámetros!$B$12:$B$28)) | L15: =IF(A15="","",SUMIFS('Registro Vacaciones'!$E$5:$E$504,'Registro Vacaciones'!$A$5:$A$504,A15,'Registro Vacaciones'!$C$5:$C$504,">="&H15,'Registro Vacaciones'!$C$5:$C$504,"<"&I15,'Registro Vacaciones'!$G$5:$G$504,"<>Cancelada")) | M15: =IF(G15="","",N(K15)+J15-L15) | N15: =IF(G15="","",Parámetros!$B$7*J15) | O15: =IF(G15="","",IF(M15>0,M15*N(F15)/Parámetros!$B$5,0)) | P15: =IF(G15="","",IF(G15<1,"Sin derecho aún",IF(M15<0,"Excede saldo",IF(M15=0,"Sin saldo",IF(M15>N15,"Excede acumulación","Con saldo")))))
G16: =IF(E16="","",DATEDIF(E16,Parámetros!$B$4,"y")) | H16: =IF(G16="","",EDATE(E16,12*G16)) | I16: =IF(G16="","",EDATE(E16,12*(G16+1))) | J16: =IF(G16="","",LOOKUP(G16,Parámetros!$A$12:$A$28,Parámetros!$B$12:$B$28)) | L16: =IF(A16="","",SUMIFS('Registro Vacaciones'!$E$5:$E$504,'Registro Vacaciones'!$A$5:$A$504,A16,'Registro Vacaciones'!$C$5:$C$504,">="&H16,'Registro Vacaciones'!$C$5:$C$504,"<"&I16,'Registro Vacaciones'!$G$5:$G$504,"<>Cancelada")) | M16: =IF(G16="","",N(K16)+J16-L16) | N16: =IF(G16="","",Parámetros!$B$7*J16) | O16: =IF(G16="","",IF(M16>0,M16*N(F16)/Parámetros!$B$5,0)) | P16: =IF(G16="","",IF(G16<1,"Sin derecho aún",IF(M16<0,"Excede saldo",IF(M16=0,"Sin saldo",IF(M16>N16,"Excede acumulación","Con saldo")))))
G17: =IF(E17="","",DATEDIF(E17,Parámetros!$B$4,"y")) | H17: =IF(G17="","",EDATE(E17,12*G17)) | I17: =IF(G17="","",EDATE(E17,12*(G17+1))) | J17: =IF(G17="","",LOOKUP(G17,Parámetros!$A$12:$A$28,Parámetros!$B$12:$B$28)) | L17: =IF(A17="","",SUMIFS('Registro Vacaciones'!$E$5:$E$504,'Registro Vacaciones'!$A$5:$A$504,A17,'Registro Vacaciones'!$C$5:$C$504,">="&H17,'Registro Vacaciones'!$C$5:$C$504,"<"&I17,'Registro Vacaciones'!$G$5:$G$504,"<>Cancelada")) | M17: =IF(G17="","",N(K17)+J17-L17) | N17: =IF(G17="","",Parámetros!$B$7*J17) | O17: =IF(G17="","",IF(M17>0,M17*N(F17)/Parámetros!$B$5,0)) | P17: =IF(G17="","",IF(G17<1,"Sin derecho aún",IF(M17<0,"Excede saldo",IF(M17=0,"Sin saldo",IF(M17>N17,"Excede acumulación","Con saldo")))))
G18: =IF(E18="","",DATEDIF(E18,Parámetros!$B$4,"y")) | H18: =IF(G18="","",EDATE(E18,12*G18)) | I18: =IF(G18="","",EDATE(E18,12*(G18+1))) | J18: =IF(G18="","",LOOKUP(G18,Parámetros!$A$12:$A$28,Parámetros!$B$12:$B$28)) | L18: =IF(A18="","",SUMIFS('Registro Vacaciones'!$E$5:$E$504,'Registro Vacaciones'!$A$5:$A$504,A18,'Registro Vacaciones'!$C$5:$C$504,">="&H18,'Registro Vacaciones'!$C$5:$C$504,"<"&I18,'Registro Vacaciones'!$G$5:$G$504,"<>Cancelada")) | M18: =IF(G18="","",N(K18)+J18-L18) | N18: =IF(G18="","",Parámetros!$B$7*J18) | O18: =IF(G18="","",IF(M18>0,M18*N(F18)/Parámetros!$B$5,0)) | P18: =IF(G18="","",IF(G18<1,"Sin derecho aún",IF(M18<0,"Excede saldo",IF(M18=0,"Sin saldo",IF(M18>N18,"Excede acumulación","Con saldo")))))
G19: =IF(E19="","",DATEDIF(E19,Parámetros!$B$4,"y")) | H19: =IF(G19="","",EDATE(E19,12*G19)) | I19: =IF(G19="","",EDATE(E19,12*(G19+1))) | J19: =IF(G19="","",LOOKUP(G19,Parámetros!$A$12:$A$28,Parámetros!$B$12:$B$28)) | L19: =IF(A19="","",SUMIFS('Registro Vacaciones'!$E$5:$E$504,'Registro Vacaciones'!$A$5:$A$504,A19,'Registro Vacaciones'!$C$5:$C$504,">="&H19,'Registro Vacaciones'!$C$5:$C$504,"<"&I19,'Registro Vacaciones'!$G$5:$G$504,"<>Cancelada")) | M19: =IF(G19="","",N(K19)+J19-L19) | N19: =IF(G19="","",Parámetros!$B$7*J19) | O19: =IF(G19="","",IF(M19>0,M19*N(F19)/Parámetros!$B$5,0)) | P19: =IF(G19="","",IF(G19<1,"Sin derecho aún",IF(M19<0,"Excede saldo",IF(M19=0,"Sin saldo",IF(M19>N19,"Excede acumulación","Con saldo")))))
... G64: =IF(E64="","",DATEDIF(E64,Parámetros!$B$4,"y")) | H64: =IF(G64="","",EDATE(E64,12*G64)) | I64: =IF(G64="","",EDATE(E64,12*(G64+1))) | J64: =IF(G64="","",LOOKUP(G64,Parámetros!$A$12:$A$28,Parámetros!$B$12:$B$28)) | L64: =IF(A64="","",SUMIFS('Registro Vacaciones'!$E$5:$E$504,'Registro Vacaciones'!$A$5:$A$504,A64,'Registro Vacaciones'!$C$5:$C$504,">="&H64,'Registro Vacaciones'!$C$5:$C$504,"<"&I64,'Registro Vacaciones'!$G$5:$G$504,"<>Cancelada")) | M64: =IF(G64="","",N(K64)+J64-L64) | N64: =IF(G64="","",Parámetros!$B$7*J64) | O64: =IF(G64="","",IF(M64>0,M64*N(F64)/Parámetros!$B$5,0)) | P64: =IF(G64="","",IF(G64<1,"Sin derecho aún",IF(M64<0,"Excede saldo",IF(M64=0,"Sin saldo",IF(M64>N64,"Excede acumulación","Con saldo")))))
A66: Fila 5-7: ejemplos ilustrativos; sobrescríbalos con sus empleados. Celdas amarillas con texto azul = captura; el resto son fórmulas (no se editan).

Sheet Registro Vacaciones
A1: REGISTRO DE SOLICITUDES Y DISFRUTE DE VACACIONES
A2: Una fila por cada periodo de vacaciones. Seleccione el ID del empleado; el nombre y los días se calculan solos.
A4: ID empleado | B4: Nombre | C4: Fecha de inicio | D4: Fecha de fin | E4: Días a descontar | F4: Fecha de regreso | G4: Estatus | H4: Autorizado por | I4: Pagada en nómina (Sí/No) | J4: Observaciones | K4: Firma del empleado (sí/no)
A5: E-001 | B5: =IF(A5="","",IFERROR(INDEX(Empleados!$B$5:$B$64,MATCH(A5,Empleados!$A$5:$A$64,0)),"ID no encontrado")) -> María Fernanda López Ruiz | C5: 46216 | D5: 46230 | E5: =IF(OR(C5="",D5=""),"",IF(Parámetros!$B$6="Calendario",D5-C5+1,NETWORKDAYS.INTL(C5,D5,Parámetros!$B$8,Parámetros!$D$12:$D$41))) -> 15 | F5: =IF(D5="","",IF(Parámetros!$B$6="Calendario",D5+1,WORKDAY.INTL(D5,1,Parámetros!$B$8,Parámetros!$D$12:$D$41))) -> 46231 | G5: Disfrutada | H5: Gerencia General | I5: Sí | J5: Periodo completo (15 días corridos)
A6: E-002 | B6: =IF(A6="","",IFERROR(INDEX(Empleados!$B$5:$B$64,MATCH(A6,Empleados!$A$5:$A$64,0)),"ID no encontrado")) -> Carlos Alberto Pérez Soto | C6: 46237 | D6: 46243 | E6: =IF(OR(C6="",D6=""),"",IF(Parámetros!$B$6="Calendario",D6-C6+1,NETWORKDAYS.INTL(C6,D6,Parámetros!$B$8,Parámetros!$D$12:$D$41))) -> 7 | F6: =IF(D6="","",IF(Parámetros!$B$6="Calendario",D6+1,WORKDAY.INTL(D6,1,Parámetros!$B$8,Parámetros!$D$12:$D$41))) -> 46244 | G6: Autorizada | H6: Gerencia de Finanzas | I6: No | J6: Primer bloque; fracciona el periodo
B7: =IF(A7="","",IFERROR(INDEX(Empleados!$B$5:$B$64,MATCH(A7,Empleados!$A$5:$A$64,0)),"ID no encontrado")) | E7: =IF(OR(C7="",D7=""),"",IF(Parámetros!$B$6="Calendario",D7-C7+1,NETWORKDAYS.INTL(C7,D7,Parámetros!$B$8,Parámetros!$D$12:$D$41))) | F7: =IF(D7="","",IF(Parámetros!$B$6="Calendario",D7+1,WORKDAY.INTL(D7,1,Parámetros!$B$8,Parámetros!$D$12:$D$41)))
B8: =IF(A8="","",IFERROR(INDEX(Empleados!$B$5:$B$64,MATCH(A8,Empleados!$A$5:$A$64,0)),"ID no encontrado")) | E8: =IF(OR(C8="",D8=""),"",IF(Parámetros!$B$6="Calendario",D8-C8+1,NETWORKDAYS.INTL(C8,D8,Parámetros!$B$8,Parámetros!$D$12:$D$41))) | F8: =IF(D8="","",IF(Parámetros!$B$6="Calendario",D8+1,WORKDAY.INTL(D8,1,Parámetros!$B$8,Parámetros!$D$12:$D$41)))
B9: =IF(A9="","",IFERROR(INDEX(Empleados!$B$5:$B$64,MATCH(A9,Empleados!$A$5:$A$64,0)),"ID no encontrado")) | E9: =IF(OR(C9="",D9=""),"",IF(Parámetros!$B$6="Calendario",D9-C9+1,NETWORKDAYS.INTL(C9,D9,Parámetros!$B$8,Parámetros!$D$12:$D$41))) | F9: =IF(D9="","",IF(Parámetros!$B$6="Calendario",D9+1,WORKDAY.INTL(D9,1,Parámetros!$B$8,Parámetros!$D$12:$D$41)))
B10: =IF(A10="","",IFERROR(INDEX(Empleados!$B$5:$B$64,MATCH(A10,Empleados!$A$5:$A$64,0)),"ID no encontrado")) | E10: =IF(OR(C10="",D10=""),"",IF(Parámetros!$B$6="Calendario",D10-C10+1,NETWORKDAYS.INTL(C10,D10,Parámetros!$B$8,Parámetros!$D$12:$D$41))) | F10: =IF(D10="","",IF(Parámetros!$B$6="Calendario",D10+1,WORKDAY.INTL(D10,1,Parámetros!$B$8,Parámetros!$D$12:$D$41)))
B11: =IF(A11="","",IFERROR(INDEX(Empleados!$B$5:$B$64,MATCH(A11,Empleados!$A$5:$A$64,0)),"ID no encontrado")) | E11: =IF(OR(C11="",D11=""),"",IF(Parámetros!$B$6="Calendario",D11-C11+1,NETWORKDAYS.INTL(C11,D11,Parámetros!$B$8,Parámetros!$D$12:$D$41))) | F11: =IF(D11="","",IF(Parámetros!$B$6="Calendario",D11+1,WORKDAY.INTL(D11,1,Parámetros!$B$8,Parámetros!$D$12:$D$41)))
B12: =IF(A12="","",IFERROR(INDEX(Empleados!$B$5:$B$64,MATCH(A12,Empleados!$A$5:$A$64,0)),"ID no encontrado")) | E12: =IF(OR(C12="",D12=""),"",IF(Parámetros!$B$6="Calendario",D12-C12+1,NETWORKDAYS.INTL(C12,D12,Parámetros!$B$8,Parámetros!$D$12:$D$41))) | F12: =IF(D12="","",IF(Parámetros!$B$6="Calendario",D12+1,WORKDAY.INTL(D12,1,Parámetros!$B$8,Parámetros!$D$12:$D$41)))
B13: =IF(A13="","",IFERROR(INDEX(Empleados!$B$5:$B$64,MATCH(A13,Empleados!$A$5:$A$64,0)),"ID no encontrado")) | E13: =IF(OR(C13="",D13=""),"",IF(Parámetros!$B$6="Calendario",D13-C13+1,NETWORKDAYS.INTL(C13,D13,Parámetros!$B$8,Parámetros!$D$12:$D$41))) | F13: =IF(D13="","",IF(Parámetros!$B$6="Calendario",D13+1,WORKDAY.INTL(D13,1,Parámetros!$B$8,Parámetros!$D$12:$D$41)))
B14: =IF(A14="","",IFERROR(INDEX(Empleados!$B$5:$B$64,MATCH(A14,Empleados!$A$5:$A$64,0)),"ID no encontrado")) | E14: =IF(OR(C14="",D14=""),"",IF(Parámetros!$B$6="Calendario",D14-C14+1,NETWORKDAYS.INTL(C14,D14,Parámetros!$B$8,Parámetros!$D$12:$D$41))) | F14: =IF(D14="","",IF(Parámetros!$B$6="Calendario",D14+1,WORKDAY.INTL(D14,1,Parámetros!$B$8,Parámetros!$D$12:$D$41)))
B15: =IF(A15="","",IFERROR(INDEX(Empleados!$B$5:$B$64,MATCH(A15,Empleados!$A$5:$A$64,0)),"ID no encontrado")) | E15: =IF(OR(C15="",D15=""),"",IF(Parámetros!$B$6="Calendario",D15-C15+1,NETWORKDAYS.INTL(C15,D15,Parámetros!$B$8,Parámetros!$D$12:$D$41))) | F15: =IF(D15="","",IF(Parámetros!$B$6="Calendario",D15+1,WORKDAY.INTL(D15,1,Parámetros!$B$8,Parámetros!$D$12:$D$41)))
B16: =IF(A16="","",IFERROR(INDEX(Empleados!$B$5:$B$64,MATCH(A16,Empleados!$A$5:$A$64,0)),"ID no encontrado")) | E16: =IF(OR(C16="",D16=""),"",IF(Parámetros!$B$6="Calendario",D16-C16+1,NETWORKDAYS.INTL(C16,D16,Parámetros!$B$8,Parámetros!$D$12:$D$41))) | F16: =IF(D16="","",IF(Parámetros!$B$6="Calendario",D16+1,WORKDAY.INTL(D16,1,Parámetros!$B$8,Parámetros!$D$12:$D$41)))
B17: =IF(A17="","",IFERROR(INDEX(Empleados!$B$5:$B$64,MATCH(A17,Empleados!$A$5:$A$64,0)),"ID no encontrado")) | E17: =IF(OR(C17="",D17=""),"",IF(Parámetros!$B$6="Calendario",D17-C17+1,NETWORKDAYS.INTL(C17,D17,Parámetros!$B$8,Parámetros!$D$12:$D$41))) | F17: =IF(D17="","",IF(Parámetros!$B$6="Calendario",D17+1,WORKDAY.INTL(D17,1,Parámetros!$B$8,Parámetros!$D$12:$D$41)))
B18: =IF(A18="","",IFERROR(INDEX(Empleados!$B$5:$B$64,MATCH(A18,Empleados!$A$5:$A$64,0)),"ID no encontrado")) | E18: =IF(OR(C18="",D18=""),"",IF(Parámetros!$B$6="Calendario",D18-C18+1,NETWORKDAYS.INTL(C18,D18,Parámetros!$B$8,Parámetros!$D$12:$D$41))) | F18: =IF(D18="","",IF(Parámetros!$B$6="Calendario",D18+1,WORKDAY.INTL(D18,1,Parámetros!$B$8,Parámetros!$D$12:$D$41)))
... B504: =IF(A504="","",IFERROR(INDEX(Empleados!$B$5:$B$64,MATCH(A504,Empleados!$A$5:$A$64,0)),"ID no encontrado")) | E504: =IF(OR(C504="",D504=""),"",IF(Parámetros!$B$6="Calendario",D504-C504+1,NETWORKDAYS.INTL(C504,D504,Parámetros!$B$8,Parámetros!$D$12:$D$41))) | F504: =IF(D504="","",IF(Parámetros!$B$6="Calendario",D504+1,WORKDAY.INTL(D504,1,Parámetros!$B$8,Parámetros!$D$12:$D$41)))
